{
    "root_group": {
        "id": "d41d8cd98f00b204e9800998ecf8427e",
        "groups": {},
        "checks": {
                "status is expected": {
                    "name": "status is expected",
                    "path": "::status is expected",
                    "id": "7900b1724c781e002b4ea556d2517ccc",
                    "passes": 0,
                    "fails": 46491
                }
            },
        "name": "",
        "path": ""
    },
    "metrics": {
        "vus_max": {
            "value": 2200,
            "min": 500,
            "max": 2200
        },
        "status_503": {
            "passes": 0,
            "fails": 46491,
            "value": 0
        },
        "http_req_receiving": {
            "avg": 1223.0101917285008,
            "min": 0,
            "med": 298.409512,
            "max": 9836.852531,
            "p(90)": 3618.263727,
            "p(95)": 8636.066966
        },
        "data_received": {
            "count": 120648423,
            "rate": 1206465.895325724
        },
        "http_req_tls_handshaking": {
            "max": 9771.155328,
            "p(90)": 0,
            "p(95)": 0,
            "avg": 101.19163787367448,
            "min": 0,
            "med": 0
        },
        "status_429": {
            "passes": 0,
            "fails": 46491,
            "value": 0
        },
        "status_504": {
            "passes": 0,
            "fails": 46491,
            "value": 0
        },
        "unexpected_status_count": {
            "count": 46491,
            "rate": 464.90293486544977
        },
        "checks": {
            "passes": 0,
            "fails": 46491,
            "value": 0
        },
        "iteration_duration": {
            "p(90)": 10001.203866,
            "p(95)": 10001.4821115,
            "avg": 4300.474864174376,
            "min": 165.517092,
            "med": 1843.901945,
            "max": 10009.464775
        },
        "http_req_duration": {
            "p(90)": 10000.539393,
            "p(95)": 10000.824228000001,
            "avg": 3756.5744589078986,
            "min": 0,
            "med": 1479.248933,
            "max": 10008.977651,
            "thresholds": {
                "p(99)<1600": true,
                "p(95)<600": true
            }
        },
        "http_req_blocked": {
            "p(95)": 0.0063254999999999995,
            "avg": 135.59649462662028,
            "min": 0,
            "med": 0.000905,
            "max": 9977.183056,
            "p(90)": 0.001373
        },
        "status_404": {
            "passes": 0,
            "fails": 46491,
            "value": 0
        },
        "iterations": {
            "count": 46491,
            "rate": 464.90293486544977
        },
        "status_other_5xx": {
            "passes": 0,
            "fails": 46491,
            "thresholds": {
                "rate<0.01": false
            },
            "value": 0
        },
        "http_req_duration{expected_response:true}": {
            "avg": 1552.1584437373215,
            "min": 165.183454,
            "med": 1024.8270735,
            "max": 9990.49346,
            "p(90)": 3418.1503839000034,
            "p(95)": 5050.6028320999985
        },
        "http_req_sending": {
            "med": 0.095622,
            "max": 3.301303,
            "p(90)": 0.141677,
            "p(95)": 0.171058,
            "avg": 0.09523589389344127,
            "min": 0
        },
        "vus": {
            "min": 8,
            "max": 2200,
            "value": 8
        },
        "data_sent": {
            "count": 9847657,
            "rate": 98475.07347332367
        },
        "http_req_failed": {
            "fails": 31880,
            "passes": 14611,
            "thresholds": {
                "rate<0.02": true
            },
            "value": 0.31427588135338025
        },
        "dropped_iterations": {
            "count": 331438,
            "rate": 3314.3296320994373
        },
        "http_reqs": {
            "rate": 464.90293486544977,
            "count": 46491
        },
        "status_2xx": {
            "passes": 31880,
            "fails": 14611,
            "value": 0.6857241186466198
        },
        "http_req_connecting": {
            "avg": 59.72491272928088,
            "min": 0,
            "med": 0,
            "max": 9516.438479,
            "p(90)": 0,
            "p(95)": 305.990791
        },
        "http_req_waiting": {
            "avg": 2533.4690312855105,
            "min": 0,
            "med": 309.48655,
            "max": 10008.860384,
            "p(90)": 10000.311989,
            "p(95)": 10000.6438975
        },
        "expected_status": {
            "passes": 0,
            "fails": 46491,
            "thresholds": {
                "rate>0.99": true
            },
            "value": 0
        }
    }
}